{
  "color": {
    "red": {
      "start": 0.2352,
      "end": {
        "base": 0.2352,
        "rand": 0.2352
      }
    },
    "green": {
      "start": 0.16856,
      "end": {
        "base": 0.168565,
        "rand": 0.16856
      }
    },
    "blue": {
	"start": 0.3724,
      "end": {
        "base": 0.3724,
        "rand": 0.3724
      }
  }
}
}